Operacion,Tipo,Compilador,Iteraciones,Media_ns,StdDev_ns,Min_ns,Max_ns,Total_ms
Addition,uint64_t,MSVC_1950,100000,13.368000,34.030818,0.000000,100.000000,2.000000
Addition,uint128_t,MSVC_1950,100000,17.515000,53.482004,0.000000,9400.000000,3.000000
Division,uint64_t,MSVC_1950,100000,19.798000,71.142387,0.000000,14100.000000,3.000000
Division,uint128_t,MSVC_1950,100000,21.310000,136.296309,0.000000,30000.000000,3.000000
DivRem,uint128_t,MSVC_1950,100000,22.154000,91.442880,0.000000,22500.000000,3.000000
ToString,uint128_t,MSVC_1950,100000,4798.161000,1925.248378,4200.000000,121600.000000,481.000000
